AAPL,Apple
ABBV,AbbVie
ABNB,Airbnb
ABT,Abbott Laboratories
ACGL,Arch Capital Group Ltd.
ACN,Accenture
ADBE,Adobe
ADI,Analog Devices
ADM,Archer-Daniels-Midland Company
ADP,Automatic Data Processing
ADSK,Autodesk
AEE,Ameren
AEP,American Electric Power Company
AES,The AES
AFL,AFLAC
AIG,American International Group
AIZ,Assurant
AJG,Arthur J. Gallagher & Co.
AKAM,Akamai Technologies
ALB,Albemarle
ALGN,Align Technology
ALL,Allstate
ALLE,Allegion
AMAT,Applied Materials
AMCR,Amcor
AMD,Advanced Micro Devices
AME,AMETEK
AMGN,Amgen
AMP,Ameriprise Financial
AMT,American Tower
AMTM,Amentum
AMZN,Amazon
ANET,Arista Networks
ANSS,ANSYS
AON,Aon
AOS,A.O. Smith
APA,APA
APD,Air Products and Chemicals
APH,Amphenol
APP,AppLovin
APTV,Aptiv
ARE,Alexandria Real Estate Equities
ARM,ARM Holdings,Arm
ASML,ASML Holding N.V.,ASML
ATO,Atmos Energy
AVB,AvalonBay Communities
AVGO,Broadcom
AVY,Avery Dennison
AWK,American Water Works Company
AXON,Axon Enterprise
AXP,American Express
AZN,AstraZeneca
AZO,AutoZone
BA,Boeing Company,Boeing
BAC,Bank of America
BAX,Baxter International
BBY,Best Buy
BDX,Becton Dickinson and Company
BEN,Franklin Resources
BF-B,Brown Forman
BG,Bunge Limited
BIIB,Biogen
BK,The Bank of New York Mellon Corp
BKNG,Booking
BKR,Baker Hughes
BLDR,Builders FirstSource
BLK,BlackRock,Blackrock
BMY,Bristol-Myers Squibb
BR,Broadridge Financial Solutions
BRK-B,Berkshire Hathaway
BRO,Brown & Brown
BSX,Boston Scientific
BWA,BorgWarner
BX,Blackstone
BXP,BXP
C,Citigroup,Citi
CAG,ConAgra Brands
CAH,Cardinal Health
CARR,Carrier Global
CAT,Caterpillar
CB,Chubb Limited
CBOE,Cboe Global Markets
CBRE,CBRE Group
CCEP,Coca-Cola Europacific Partners
CCI,Crown Castle
CCL,Carnival
CDNS,Cadence Design Systems
CDW,CDW
CE,Celanese
CEG,Constellation Energy
CF,CF Industries
CFG,Citizens Financial Group
CHD,Church & Dwight Company
CHRW,C.H. Robinson Worldwide
CHTR,Charter Communications
CI,The Cigna Group
CINF,Cinnati Financial
CL,Colgate-Palmolive
CLX,Clorox Company,Clorox
CMCSA,Comcast
CME,CME Group
CMG,Chipotle Mexican Grill,Chipotle
CMI,Cummins
CMS,CMS Energy
CNC,Centene
CNP,CenterPoint Energy
COF,Capital One Financial
COO,The Cooper Companies
COP,ConocoPhillips
COR,Cencora
COST,Costco Wholesale,Costco
CPAY,Corpay
CPB,The Campbell's Company
CPRT,Copart
CPT,Camden Property Trust
CRL,Charles River Laboratories
CRM,Salesforce
CRWD,CrowdStrike
CSCO,Cisco Systems,Cisco
CSGP,CoStar Group
CSX,CSX
CTAS,Cintas
CTRA,Coterra Energy
CTSH,Cognizant Technology Solutions
CTVA,Corteva
CVS,CVS Health
CVX,Chevron
CZR,Caesars Entertainment
D,Dominion Energy
DAL,Delta Air Linesm,Delta,Delta Air
DASH,DoorDash
DAY,Dayforce
DD,DuPont de Nemours
DDOG,Datadog
DE,Deere
DECK,Deckers Outdoor
DELL,Dell Technologies,Dell
DFS,Discover Financial Services
DG,Dollar General
DGX,Quest Diagnostics
DHI,D.R. Horton
DHR,Danaher
DIS,Walt Disney,Disney
DLR,Digital Realty Trust
DLTR,Dollar Tree
DOC,Healthpeak Properties
DOV,Dover
DOW,Dow
DPZ,Domino's Pizza
DRI,Darden Restaurants
DTE,DTE Energy Company
DUK,Duke Energy
DVA,DaVita
DVN,Devon Energy
DXCM,DexCom
EA,Electronic Arts
EBAY,eBay
ECL,Ecolab
ED,Consolidated Edison
EFX,Equifax
EG,Everest Group
EIX,Edison International
EL,Estee Lauder Companies
ELV,Elevance Health
EMN,Eastman Chemical Company
EMR,Emerson Electric Company
ENPH,Enphase Energy
EOG,EOG Resources
EPAM,EPAM Systems
EQIX,Equinix
EQR,Equity Residential
EQT,EQT
ERIE,Erie Indemnity Company
ES,Eversource Energy (D/B/A)
ESS,Essex Property Trust
ETN,Eaton
ETR,Entergy
EVRG,Evergy
EW,Edwards Lifesciences
EXC,Exelon
EXPD,Expeditors International of Was
EXPE,Expedia Group
EXR,Extra Space Storage
F,Ford Motor,Ford
FANG,Diamondback Energy
FAST,Fastenal Company
FCX,Freeport-McMoRan
FDS,FactSet Research Systems
FDX,FedEx
FE,FirstEnergy Corp.
FFIV,F5
FI,Fiserv
FICO,Fair Isaac
FIS,Fidelity National Information Services
FITB,Fifth Third Bancorp
FMC,FMC
FOX,Fox
FOXA,Fox
FRT,Federal Realty Investment Trust
FSLR,First Solar
FTNT,Fortinet
FTV,Fortive
GD,General Dynamics
GDDY,GoDaddy
GE,GE Aerospace
GEHC,GE HealthCare Technologies
GEN,Gen Digital
GEV,GE Vernova
GFS,GLOBALFOUNDRIES
GILD,Gilead Sciences
GIS,General Mills
GL,Globe Life
GLW,Corning
GM,General Motors
GNRC,Generac Holdlings
GOOG,Alphabet,Google
GOOGL,Alphabet,Google
GPC,Genuine Parts Company
GPN,Global Payments
GRMN,Garmin
GS,Goldman Sachs Group,Goldman Sachs
GWW,W.W. Grainger
HAL,Halliburton Company
HAS,Hasbro
HBAN,Huntington Bancshares orpora
HCA,HCA Healthcare
HD,Home Depot
HES,Hess
HIG,Hartford Financial Services Gro
HII,Huntington Ingalls Industries
HLT,Hilton Worldwide,Hilton
HOLX,Hologic
HON,Honeywell International,Honeywell
HPE,Hewlett Packard Enterprise Comp,HP
HPQ,HP
HRL,Hormel Foods
HSIC,Henry Schein
HST,Host Hotels & Resorts
HSY,The Hershey Company
HUBB,Hubbell
HUM,Humana
HWM,Howmet Aerospace
IBM,International Business Machines
ICE,Intercontinental Exchange
IDXX,IDEXX Laboratories
IEX,IDEX
IFF,International Flavors & Fragran
INTC,Intel
INTU,Intuit
INVH,Invitation Homes
IP,International Paper Company
IPG,Interpublic Group of Companies
IQV,IQVIA
IR,Ingersoll Rand
IRM,Iron Mountain
ISRG,Intuitive Surgical
IT,Gartner
ITW,Illinois Tool Works
IVZ,Invesco
J,Jacobs Solutions
JBHT,J.B. Hunt Transport Services
JBL,Jabil
JCI,Johnson Controls International
JKHY,Jack Henry & Associates
JNJ,Johnson & Johnson
JNPR,Juniper Networks
JPM,JP Morgan
K,Kellanova
KDP,Keurig Dr Pepper
KEY,KeyCorp
KEYS,Keysight Technologies
KHC,The Kraft Heinz Company
KIM,Kimco Realty  (HC)
KKR,KKR & Co.
KLAC,KLA
KMB,Kimberly-Clark
KMI,Kinder Morgan
KMX,CarMax
KO,Coca-Cola
KR,Kroger
KVUE,Kenvue
L,Loews
LDOS,Leidos
LEN,Lennar
LH,Labcorp
LHX,L3Harris Technologies,L3Harris
LIN,Linde
LKQ,LKQ
LLY,Eli Lilly and Company,Eli Lilly
LMT,Lockheed Martin
LNT,Alliant Energy
LOW,Lowe's Companies,Lowe's,Lowes
LRCX,Lam Research
LULU,lululemon athletica
LUV,Southwest Airlines,Southwest
LVS,Las Vegas Sands Corp.
LW,Lamb Weston
LYB,LyondellBasell Industries NV
LYFT,LYFT
LYV,Live Nation Entertainment
MA,Mastercard
MAA,Mid-America Apartment Communiti
MAR,Marriott International,Marriott
MAS,Masco
MCD,McDonald's,Mcdonalds
MCHP,Microchip Technology orporat
MCK,McKesson
MCO,Moody's,Moodys
MDB,MongoDB
MDLZ,Mondelez International
MDT,Medtronic
MELI,Mercado Libre
MET,MetLife
META,Meta,Facebook
MGM,MGM Resorts International
MHK,Mohawk Industries
MKC,McCormick & Company
MKTX,MarketAxess
MLM,Martin Marietta Materials
MMC,Marsh & McLennan Companies
MMM,3M
MNST,Monster Beverage
MO,Altria Group
MOH,Molina Healthcare
MOS,Mosaic Company
MPC,Marathon Petroleum
MPWR,Monolithic Power Systems
MRK,Merck
MRNA,Moderna
MRVL,Marvell Technology,Marvell
MS,Morgan Stanley
MSCI,MSCI
MSFT,Microsoft
MSI,Motorola Solutions,Motorola
MSTR,MicroStrategy
MTB,M&T Bank
MTCH,Match Group
MTD,Mettler-Toledo International
MU,Micron Technology,Micron
NCLH,Norwegian Cruise Line
NDAQ,Nasdaq
NDSN,Nordson
NEE,NextEra Energy
NEM,Newmont
NFLX,Netflix
NI,NiSource
NKE,Nike
NOC,Northrop Grumman
NOW,ServiceNow
NRG,NRG Energy
NSC,Norfolk Southern
NTAP,NetApp
NTRS,Northern Trust
NUE,Nucor
NVDA,Nvidia
NXPI,NXP Semiconductors N.V.
O,Realty ome
ODFL,Old Dominion Freight Line
OKE,ONEOK
OMC,Omnicom Group
ON,ON Semiconductor
ORCL,Oracle
ORLY,O'Reilly Automotive
OTIS,Otis Worldwide
OXY,Occidental Petroleum
PANW,Palo Alto Networks
PARA,Paramount Global
PAYC,Paycom Software
PAYX,Paychex
PCAR,PACCAR
PCG,Pacific Gas & Electric,PG&E
PDD,PDD Holdings
PEG,Public Service Enterprise
PEP,Pepsi
PFE,Pfizer
PFG,Pripal Financial
PG,Procter & Gamble
PGR,Progressive
PH,Parker-Hannifin
PHM,PulteGroup
PKG,Packaging Corporation of America
PLD,Prologis
PLTR,Palantir
PM,Philip Morris
PNC,PNC
PNR,Pentair
PNW,Pinnacle West Capital
PODD,Insulet
POOL,Pool
PPG,PPG Industries
PPL,PPL
PRU,Prudential Financial
PSA,Public Storage
PSX,Phillips 66
PTC,PTC
PWR,Quanta Services
PYPL,PayPal
QCOM,QUALCOMM
QRVO,Qorvo
RCL,Royal Caribbean Cruises
REG,Regency Centers
REGN,Regeneron
RF,Regions Financial
RJF,Raymond James
RL,Ralph Lauren
RMD,ResMed
ROK,Rockwell Automation
ROL,Rollins
ROP,Roper
ROST,Ross Stores
RSG,Republic Services
RTX,RTX
RVTY,Revvity
SBAC,SBA Communications
SBUX,Starbucks
SCHW,Charles Schwab
SHW,Sherwin-Williams
SJM,The J.M. Smucker Company
SLB,Schlumberger N.V.
SMCI,Super Micro Computer
SNA,Snap-On
SNPS,Synopsys
SO,Southern Company
SOLV,Solventum
SPG,Simon Property Group
SPGI,S&P Global
SRE,DBA Sempra
STE,STERIS
STLD,Steel Dynamics
STT,State Street
STX,Seagate
STZ,Constellation Brands
SW,Smurfit WestRock
SWK,Stanley Black & Decker
SWKS,Skyworks Solutions
SYF,Synchrony Financial
SYK,Stryker
SYY,Sysco
T,AT&T
TAP,Molson Coors Beverage Company
TDG,Transdigm Group
TDY,Teledyne
TEAM,Atlassian
TECH,Bio-Techne Corp
TEL,TE Connectivity
TER,Teradyne
TFC,Truist Financial
TFX,Teleflex
TGT,Target
TJX,TJX Companies
TMO,Thermo Fisher
TMUS,T-Mobile
TPL,Texas Pacific
TPR,Tapestry
TRGP,Targa Resources
TRMB,Trimble
TROW,T. Rowe Price
TRV,The Travelers Companies
TSCO,Tractor Supply Company
TSLA,Tesla
TSN,Tyson Foods
TT,Trane Technologies
TTD,The Trade Desk
TTWO,Take-Two Interactive Software
TXN,Texas Instruments
TXT,Textron
TYL,Tyler Technologies
UAL,United Airlines
UBER,Uber Technologies,Uber
UDR,UDR
UHS,Universal Health Services
ULTA,Ulta Beauty
UNH,UnitedHealth Group
UNP,Union Pacific
UPS,United Parcel Service
URI,United Rentals
USB,U.S. Bancorp
V,Visa
VICI,VICI Properties
VLO,Valero Energy
VLTO,Veralto
VMC,Vulcan Materials
VRSK,Verisk Analytics
VRSN,VeriSign
VRTX,Vertex Pharmaceuticals
VST,Vistra
VTR,Ventas
VTRS,Viatris
VZ,Verizon Communications,Verizon
WAB,Westinghouse Air Brake Technologies
WAT,Waters
WBA,Walgreens Boots Alliance
WBD,Warner Bros
WDAY,Workday
WDC,Western Digital
WEC,WEC Energy
WELL,Welltower
WFC,Wells Fargo
WM,Waste Management
WMB,Williams Companies
WMT,Walmart
WRB,W.R. Berkley
WST,West Pharmaceutical Services
WTW,Willis Towers Watson Public
WY,Weyerhaeuser Company
WYNN,Wynn Resorts
XEL,Xcel Energy
XOM,Exxon Mobil
XYL,Xylem
YUM,Yum!
ZBH,Zimmer Biomet
ZBRA,Zebra Technologies
ZS,Zscaler
ZTS,Zoetis